Store,Category,Name,Price
WhiteCap,Hardware,HTU26,7.59
WhiteCap,Hardware,HGLTV4142,238.09
WhiteCap,Hardware,LSCZ,2.09
WhiteCap,Hardware,JUS210,1.70
WhiteCap,Hardware,PFM224110N,1.70
WhiteCap,Hardware,SUR24,11.79
WhiteCap,Hardware,SUL24,11.29
WhiteCap,Hardware,JB28,4.29
WhiteCap,Hardware,MTS16,1.98
WhiteCap,Hardware,LSSR410Z,31.29
WhiteCap,Hardware,HU66,16.89
WhiteCap,Hardware,RS14100,179.59
WhiteCap,Hardware,THA426,43.49
WhiteCap,Hardware,META20,1.75
WhiteCap,Hardware,HUC412TF,57.09
WhiteCap,Hardware,BA48,22.29
WhiteCap,Hardware,HUS2122TF,34.49
WhiteCap,Hardware,SUR210,18.89
WhiteCap,Hardware,LUS262Z,4.69
WhiteCap,Hardware,CS18S,155.79
WhiteCap,Hardware,HGLTV5516,231.19
WhiteCap,Hardware,PT2RD,149.59
WhiteCap,Hardware,THA218,8.09
WhiteCap,Hardware,LUS28Z,2.39
WhiteCap,Hardware,HUC812,60.19
WhiteCap,Hardware,HUC614,40.99
WhiteCap,Hardware,HHUS72510,71.29
WhiteCap,Hardware,HTS30,8.09
WhiteCap,Hardware,HU410,22.39
WhiteCap,Hardware,LUS410,7.49
WhiteCap,Hardware,HU216,25.79
WhiteCap,Hardware,HTA20,4.39
WhiteCap,Hardware,LUS26Z,1.88
WhiteCap,Hardware,HUCQ5259,53.69
WhiteCap,Hardware,THA418,12.89
WhiteCap,Hardware,LUS46Z,6.59
WhiteCap,Hardware,IHFL2314,6.79
WhiteCap,Hardware,HU610,20.69
WhiteCap,Hardware,HTSM20,6.29
WhiteCap,Hardware,ST18,2.79
WhiteCap,Hardware,HUS2122,21.39
WhiteCap,Hardware,TJC57,7.99
WhiteCap,Hardware,CS16,239.29
WhiteCap,Hardware,HU812,46.59
WhiteCap,Hardware,LUC26Z,3.39
WhiteCap,Hardware,TBE6,11.49
WhiteCap,Hardware,BT28,0.28
WhiteCap,Hardware,HD412,21.39
WhiteCap,Hardware,ITS237118,8.99
WhiteCap,Hardware,MUS28,7.29
WhiteCap,Hardware,HGUS284,56.09
WhiteCap,Hardware,HU262,19.69
WhiteCap,Hardware,HU88,35.59
WhiteCap,Hardware,MTSM16,2.49
WhiteCap,Hardware,MIU47514,39.29
WhiteCap,Hardware,HD414,23.79
WhiteCap,Hardware,HWI41188,103.19
WhiteCap,Hardware,HUC410TF,48.99
WhiteCap,Hardware,HU68TF,48.09
WhiteCap,Hardware,RR,2.79
WhiteCap,Hardware,U34,8.69
WhiteCap,Hardware,U214,5.39
WhiteCap,Hardware,HGUS412,70.59
WhiteCap,Hardware,HUC310,14.39
WhiteCap,Hardware,HGUS72512,145.49
WhiteCap,Hardware,BA1811188,29.09
WhiteCap,Hardware,HJHC26,146.99
WhiteCap,Hardware,SUR1819,23.89
WhiteCap,Hardware,HUS179,20.59
WhiteCap,Hardware,HGLTV4118,229.29
WhiteCap,Hardware,HU26,11.49
WhiteCap,Hardware,HUCQ610,75.09
WhiteCap,Hardware,THDH614,145.39
WhiteCap,Hardware,HTW24,3.69
WhiteCap,Hardware,TC24,12.59
WhiteCap,Hardware,HUS210Z,17.59
WhiteCap,Hardware,GH6883,98.09
WhiteCap,Hardware,U610,18.29
WhiteCap,Hardware,F44Z,8.09
WhiteCap,Hardware,IUS181118,5.99
WhiteCap,Hardware,LTHJA26,24.89
WhiteCap,Hardware,HD616IF,73.09
WhiteCap,Hardware,ITS35616,9.39
WhiteCap,Hardware,JB26,6.59
WhiteCap,Hardware,HU32512,35.69
WhiteCap,Hardware,HGUS68812,92.79
WhiteCap,Hardware,HTS16,3.69
WhiteCap,Hardware,LSSJ28LZ,24.49
WhiteCap,Hardware,MIT3952,12.89
WhiteCap,Hardware,HSUL410,43.19
WhiteCap,Hardware,HUCQ410,49.09
WhiteCap,Hardware,ST12,1.98
WhiteCap,Hardware,HUC414,24.49
WhiteCap,Hardware,THF20140,3.99
WhiteCap,Hardware,HUC610,36.09
WhiteCap,Hardware,HUC512512,34.39
WhiteCap,Hardware,ITS23714,9.59
WhiteCap,Hardware,HHUS5510,62.69
WhiteCap,Hardware,HU512512,37.49
WhiteCap,Hardware,MIT95,8.79
WhiteCap,Hardware,HTS30C,9.29
WhiteCap,Hardware,HU814,48.19
WhiteCap,Hardware,HUS28,7.79
WhiteCap,Hardware,GH4663,57.49
WhiteCap,Hardware,HU212TF,38.59
WhiteCap,Hardware,HD416,34.29
WhiteCap,Hardware,LB210AZ,9.89
WhiteCap,Hardware,HUS282,12.39
WhiteCap,Hardware,CS20R,51.49
WhiteCap,Hardware,THA4222,68.39
WhiteCap,Hardware,MIT18114,15.89
WhiteCap,Hardware,LB28,8.19
WhiteCap,Hardware,BA410,27.89
WhiteCap,Hardware,SUR210Z,27.69
WhiteCap,Hardware,HUC414TF,72.89
WhiteCap,Hardware,LUS46,5.49
WhiteCap,Hardware,ITS23795,6.99
WhiteCap,Hardware,THAC422,8.69
WhiteCap,Hardware,U24R,7.99
WhiteCap,Hardware,SUL210,18.89
WhiteCap,Hardware,ITS35695,7.69
WhiteCap,Hardware,HUC68,22.49
WhiteCap,Hardware,HUC44,11.89
WhiteCap,Hardware,THJU26,42.49
WhiteCap,Hardware,CMST14,218.59
WhiteCap,Hardware,ITS25695,6.69
WhiteCap,Hardware,HU414,24.49
WhiteCap,Hardware,MIT418,15.79
WhiteCap,Hardware,HUS18110,19.39
WhiteCap,Hardware,LUS2103Z,7.89
WhiteCap,Hardware,HUC610Z,48.99
WhiteCap,Hardware,HU44,11.09
WhiteCap,Hardware,HUC616,60.19
WhiteCap,Hardware,HGUS410,69.09
WhiteCap,Hardware,HU28,11.39
WhiteCap,Hardware,HUC68Z,26.09
WhiteCap,Hardware,HD610IF,18.99
WhiteCap,Hardware,HU2102,25.69
WhiteCap,Hardware,THD610,51.19
WhiteCap,Hardware,HU24TF,28.99
WhiteCap,Hardware,CS22,243.89
WhiteCap,Hardware,HU210,14.29
WhiteCap,Hardware,HUC2122,35.09
WhiteCap,Hardware,MTS30,6.69
WhiteCap,Hardware,THA213,10.79
WhiteCap,Hardware,GH486,64.29
WhiteCap,Hardware,MTW30,3.49
WhiteCap,Hardware,HUS46TF,32.69
WhiteCap,Hardware,U414,17.09
WhiteCap,Hardware,MIT3516,12.49
WhiteCap,Hardware,MIT311882,16.89
WhiteCap,Hardware,HU614TF,67.29
WhiteCap,Hardware,JUS262,2.99
WhiteCap,Hardware,HU48TF,43.49
WhiteCap,Hardware,HUC2102,24.79
WhiteCap,Hardware,IUS18195,7.49
WhiteCap,Hardware,HU210TF,34.59
WhiteCap,Hardware,HTSM16,4.29
WhiteCap,Hardware,MSTI26,19.99
WhiteCap,Hardware,MSH218,9.69
WhiteCap,Hardware,HU1815,21.29
WhiteCap,Hardware,HUC612,52.69
WhiteCap,Hardware,LTHMA,89.39
WhiteCap,Hardware,LSSU28,17.99
WhiteCap,Hardware,HU214,17.79
WhiteCap,Hardware,LUS24,1.31
WhiteCap,Hardware,JUS26,1.07
WhiteCap,Hardware,HU310,21.19
WhiteCap,Hardware,SUH26,2.19
WhiteCap,Hardware,FM2521250,4.19
WhiteCap,Hardware,LU26,0.99
WhiteCap,Hardware,MIU51211,29.29
WhiteCap,Hardware,MIU51214,43.89
WhiteCap,Hardware,IUS23714,7.09
WhiteCap,Hardware,HU68,24.99
WhiteCap,Hardware,LUS24Z,1.37
WhiteCap,Hardware,U26,3.89
WhiteCap,Hardware,HD44IF,6.09
WhiteCap,Hardware,GHD4683,173.69
WhiteCap,Hardware,LSSUH310,13.69
WhiteCap,Hardware,LU210,1.39
WhiteCap,Hardware,LSSJ28RZ,24.59
WhiteCap,Hardware,LUS36,6.39
WhiteCap,Hardware,HSUR410,45.89
WhiteCap,Hardware,BPH1714,23.49
WhiteCap,Hardware,HU282,20.09
WhiteCap,Hardware,HGUS55014,143.99
WhiteCap,Hardware,HGUS32512,59.89
WhiteCap,Hardware,BA412,25.29
WhiteCap,Hardware,SUR2102,27.79
WhiteCap,Hardware,HGLTV5514,264.59
WhiteCap,Hardware,THDH263,48.59
WhiteCap,Hardware,ST2115,1.98
WhiteCap,Hardware,HD414IF,23.59
WhiteCap,Hardware,GH668,95.29
WhiteCap,Hardware,SDBR115X,97.39
WhiteCap,Hardware,ITS20616,13.29
WhiteCap,Hardware,HUS28,7.79
WhiteCap,Hardware,HIT420,27.29
WhiteCap,Hardware,HU410TF,41.49
WhiteCap,Hardware,MTS20,3.19
WhiteCap,Hardware,LUS28,4.49
WhiteCap,Hardware,SS500A,42.49
WhiteCap,Hardware,HUC48,20.69
WhiteCap,Hardware,HTS20,4.59
WhiteCap,Hardware,LUS26,1.79
WhiteCap,Hardware,LUS242,3.39
WhiteCap,Hardware,MTSM20,5.69
WhiteCap,Hardware,THA422,14.39
WhiteCap,Hardware,TBE4,10.39
WhiteCap,Hardware,HGUS26,36.69
WhiteCap,Hardware,MTS12,1.35
WhiteCap,Hardware,CMST14,343.89
WhiteCap,Hardware,HU46TF,44.19
WhiteCap,Hardware,HHUS46,10.89
WhiteCap,Hardware,HUS48,11.09
WhiteCap,Hardware,LSSU21,12.29
WhiteCap,Hardware,HTA16,1.99
WhiteCap,Hardware,PFM2231100,1.70
WhiteCap,Hardware,FM2511110,10.39
WhiteCap,Hardware,HU212,23.29
WhiteCap,Hardware,THDH414,101.19
WhiteCap,Hardware,FA3,2.19
WhiteCap,Hardware,U46,8.99
WhiteCap,Hardware,2190057,18.99
WhiteCap,Hardware,B38,14.59
WhiteCap,Hardware,HWU35614,58.89
WhiteCap,Hardware,MTS30C,8.29
WhiteCap,Hardware,HGUS414,75.99
WhiteCap,Hardware,TFL2516,7.69
WhiteCap,Hardware,HU810,36.59
WhiteCap,Hardware,MIU18114,36.79
WhiteCap,Hardware,LUS262,3.79
WhiteCap,Hardware,LSU26,12.79
WhiteCap,Hardware,ITS20695,7.19
WhiteCap,Hardware,LSSU2102,16.29
WhiteCap,Hardware,HUC416,37.69
WhiteCap,Hardware,PT2RMB,24.59
WhiteCap,Hardware,HUS412,17.49
WhiteCap,Hardware,HHUS410,14.99
WhiteCap,Hardware,2103673,206.99
WhiteCap,Hardware,U410,7.29
WhiteCap,Hardware,MSH213,8.49
WhiteCap,Hardware,MSH422,9.89
WhiteCap,Hardware,VPA3,11.09
WhiteCap,Hardware,U24,3.29
WhiteCap,Hardware,HU7,18.19
WhiteCap,Hardware,IUS256118,10.39
WhiteCap,Hardware,HD410,16.49
WhiteCap,Hardware,BA612,34.19
WhiteCap,Hardware,IUS25614,11.99
WhiteCap,Hardware,THJA26,33.99
WhiteCap,Hardware,HUS2102TF,33.69
WhiteCap,Hardware,MUS26,3.69
WhiteCap,Hardware,THASR29,75.19
WhiteCap,Hardware,LTS12,2.89
WhiteCap,Hardware,HUC46TF,36.49
WhiteCap,Hardware,HU66TF,45.99
WhiteCap,Hardware,HGUS2103,76.29
WhiteCap,Hardware,HUCQ412,79.99
WhiteCap,Hardware,HU3102,31.39
WhiteCap,Hardware,ITS181188,6.79
WhiteCap,Hardware,BA35614,33.19
WhiteCap,Hardware,TFL2514,6.39
WhiteCap,Hardware,HU46,17.99
WhiteCap,Hardware,HUS262,10.39
WhiteCap,Hardware,HU38,15.99
WhiteCap,Hardware,HU242,19.29
WhiteCap,Hardware,LUS210Z,2.99
WhiteCap,Hardware,MUS26,3.79
WhiteCap,Hardware,HU48,18.39
WhiteCap,Hardware,2104703,285.89
WhiteCap,Hardware,HUC48TF,34.89
WhiteCap,Hardware,HU36,12.69
WhiteCap,Hardware,HGUS72510,118.69
WhiteCap,Hardware,HUC2103,34.89
WhiteCap,Hardware,SUL2102,26.09
WhiteCap,Hardware,HU4102,47.99
WhiteCap,Hardware,LUS48,6.19
WhiteCap,Hardware,2104709,211.89
WhiteCap,Hardware,LUS310,4.89
WhiteCap,Hardware,THF231402,28.99
WhiteCap,Hardware,JB210A,13.89
WhiteCap,Hardware,HU412,23.89
WhiteCap,Hardware,U2103,16.39
WhiteCap,Hardware,LU28,1.45
WhiteCap,Hardware,IUS25695,7.19
WhiteCap,Hardware,HTW30C,7.89
WhiteCap,Hardware,HCP2,4.59
WhiteCap,Hardware,HU2122,25.19
WhiteCap,Hardware,TFL1714,6.39
WhiteCap,Hardware,IUS18114,6.19
WhiteCap,Hardware,IUS35614,8.89
WhiteCap,Hardware,F46Z,11.79
WhiteCap,Hardware,CS14R,104.19
WhiteCap,Hardware,U242,7.49
WhiteCap,Hardware,LTW20,1.58
WhiteCap,Hardware,HGA10KT,117.99
WhiteCap,Hardware,CMSTC16,337.89
WhiteCap,Hardware,PFM225120,1.50
WhiteCap,Hardware,GH688,109.89
WhiteCap,Hardware,HUS410,7.79
WhiteCap,Hardware,CMSTC16,203.09
WhiteCap,Hardware,5900577,52.39
WhiteCap,Hardware,HUCQ612SD,71.39
WhiteCap,Hardware,HW616,53.59
WhiteCap,Hardware,IHFL20112,5.89
WhiteCap,Hardware,PFM225100,1.09
WhiteCap,Hardware,HD1714IF,15.59
WhiteCap,Hardware,WP412,47.79
WhiteCap,Hardware,IUS237118,8.49
WhiteCap,Hardware,HUS26,9.19
WhiteCap,Hardware,IHFL2516,11.59
WhiteCap,Hardware,THFI2514,3.69
WhiteCap,Hardware,PFM225130,1.85
WhiteCap,Hardware,HW46,31.79
WhiteCap,Hardware,HUC410,19.79
WhiteCap,Hardware,LBV356118,14.89
WhiteCap,Hardware,THDH262,42.39
WhiteCap,Hardware,THD410,17.49
WhiteCap,Hardware,SBP4,9.49
WhiteCap,Hardware,HU612TF,61.49
WhiteCap,Hardware,JUS24,1.43
WhiteCap,Hardware,HU46Z,19.39
WhiteCap,Hardware,CS20,216.59
WhiteCap,Hardware,LUS282,3.99
WhiteCap,Hardware,RPS22,6.09
WhiteCap,Hardware,HD28,17.39
WhiteCap,Hardware,IUS23795,6.09
WhiteCap,Hardware,TFL20118,5.99
WhiteCap,Hardware,MIU35611,30.19
WhiteCap,Hardware,KST248,13.49
WhiteCap,Hardware,HGLTV5511,185.99
WhiteCap,Hardware,HJC26,32.19
WhiteCap,Hardware,HU11,22.49
WhiteCap,Hardware,HTW30,5.39
WhiteCap,Hardware,HTS24,7.49
WhiteCap,Hardware,IHFL2014,5.49
WhiteCap,Hardware,LUS2102,4.09
WhiteCap,Hardware,JUS28,2.09
WhiteCap,Hardware,MTW16,1.40
WhiteCap,Hardware,JUS46,2.89
WhiteCap,Hardware,TFI3514,11.19
WhiteCap,Hardware,PFM223110N,1.91
WhiteCap,Hardware,LTS16,1.69
WhiteCap,Hardware,HHUS48,13.49
WhiteCap,Hardware,HF24N,1.74
WhiteCap,Hardware,MIU23716,29.49
WhiteCap,Hardware,HUCQ18111,41.99
WhiteCap,Hardware,LUS210,2.39
WhiteCap,Hardware,BA610,37.29
WhiteCap,Hardware,HD416IF,26.99
WhiteCap,Hardware,HUC412,27.89
WhiteCap,Hardware,PFM226115,1.65
WhiteCap,Hardware,HUS210,14.19
WhiteCap,Hardware,THDH26,31.79
WhiteCap,Hardware,CMST12,221.29
WhiteCap,Hardware,HH6,28.79
WhiteCap,Hardware,CS18,243.69
WhiteCap,Hardware,HUCQ2102,44.49
WhiteCap,Hardware,HUS26,4.19
WhiteCap,Hardware,HHRC44,375.19
WhiteCap,Hardware,HUS2102,12.99
WhiteCap,Hardware,HGUS55010,98.19
WhiteCap,Hardware,TFL2314,10.39
WhiteCap,Hardware,F46,7.69
WhiteCap,Hardware,SUR26,11.29
WhiteCap,Hardware,IUS356118,8.39
WhiteCap,Hardware,LB212AZ,13.59
WhiteCap,Hardware,LU24,1.48
WhiteCap,Hardware,HUS262,14.69
WhiteCap,Hardware,W46,21.49
WhiteCap,Hardware,ITS356118,10.69
WhiteCap,Hardware,HGUS72514,141.19
WhiteCap,Hardware,1312CT10,2.79
WhiteCap,Hardware,GHD4883,178.49
WhiteCap,Hardware,HUC3102,30.69
WhiteCap,Hardware,HUC410Z,29.29
WhiteCap,Hardware,SUL23711,39.89
WhiteCap,Hardware,LSSJ210LZ,20.49
WhiteCap,Hardware,SUR23711,29.39
WhiteCap,Hardware,U2102,8.99
WhiteCap,Hardware,HU612Z,53.69
WhiteCap,Hardware,HGUS52510,108.69
WhiteCap,Hardware,HUC46,15.79
WhiteCap,Hardware,U14,19.79
WhiteCap,Hardware,HU4122,41.99
WhiteCap,Hardware,SUL46,29.59
WhiteCap,Hardware,MIT3514,15.69
WhiteCap,Hardware,ITS18195,4.39
WhiteCap,Hardware,THAC426,30.59
WhiteCap,Hardware,MTS18,2.89
WhiteCap,Hardware,MIU4759,21.19
WhiteCap,Hardware,SUR23714,37.59
WhiteCap,Hardware,HRC22,18.99
WhiteCap,Hardware,HU14,36.69
WhiteCap,Hardware,HUS410,19.99
WhiteCap,Hardware,LB26,8.79
WhiteCap,Hardware,HUC412Z,33.69
WhiteCap,Hardware,DSP,2.69
WhiteCap,Hardware,LUC210Z,5.39
WhiteCap,Hardware,HU312,24.99
WhiteCap,Hardware,ITS25614,12.39
WhiteCap,Hardware,BA18195,20.99
WhiteCap,Hardware,MIT420,20.79
WhiteCap,Hardware,HD46,13.29
WhiteCap,Hardware,IUS35616,11.79
WhiteCap,Hardware,HU44TF,27.99
WhiteCap,Hardware,SUL1819,23.89
WhiteCap,Hardware,MIT351188,18.39
WhiteCap,Hardware,THAL422,78.89
WhiteCap,Hardware,HU612,30.79
WhiteCap,Hardware,HU282TF,54.69
WhiteCap,Hardware,MIU51216,37.49
WhiteCap,Hardware,ITS256118,6.99
WhiteCap,Hardware,MIU42811,19.19
WhiteCap,Hardware,JB214A,13.79
WhiteCap,Hardware,LUS414,11.09
WhiteCap,Hardware,HGLTV3514,198.59
WhiteCap,Hardware,THA29,6.39
WhiteCap,Hardware,HU68Z,41.49
WhiteCap,Hardware,HUC810,49.59
WhiteCap,Hardware,SUR46,23.59
WhiteCap,Hardware,U66,16.09
WhiteCap,Hardware,SUR262,31.29
WhiteCap,Hardware,BA35616,32.49
WhiteCap,Hardware,HGUS263,44.59
WhiteCap,Hardware,HGUS55012,112.09
WhiteCap,Hardware,THASL29,81.49
WhiteCap,Hardware,THAI18122,21.59
WhiteCap,Hardware,LUS283,8.49
WhiteCap,Hardware,IUS20695,6.49
WhiteCap,Hardware,U262,9.49
WhiteCap,Hardware,BA3561188,23.69
WhiteCap,Hardware,HU414TF,66.09
WhiteCap,Hardware,HGUS52512,120.99
WhiteCap,Hardware,SUH410,11.19
WhiteCap,Hardware,SUL23714,43.49
WhiteCap,Hardware,SUL26,11.69
WhiteCap,Hardware,SUL262,28.09
WhiteCap,Hardware,HSUR414,57.39
WhiteCap,Hardware,HWI414,50.69
WhiteCap,Hardware,HGUS283,65.49
WhiteCap,Hardware,SUR18114,33.09
WhiteCap,Hardware,U44,6.99
WhiteCap,Hardware,HU9,16.09
WhiteCap,Hardware,IUS23716,9.49
WhiteCap,Hardware,U46R,9.09
WhiteCap,Hardware,HGUS28,35.39
WhiteCap,Hardware,G260G5,7.69
WhiteCap,Hardware,HU48Z,25.19
WhiteCap,Hardware,HGUS282,44.29
WhiteCap,Hardware,THA2222,18.49
WhiteCap,Hardware,IUS25616,9.19
WhiteCap,Hardware,HUS46,15.79
WhiteCap,Hardware,MIT351182,20.09
WhiteCap,Hardware,MIT47516,13.69
WhiteCap,Hardware,THDH610,102.59
WhiteCap,Hardware,HU3514,30.99
WhiteCap,Hardware,HU2103,33.39
WhiteCap,Hardware,MIU42814,39.19
WhiteCap,Hardware,HD46IF,16.39
WhiteCap,Hardware,THAI222,19.29
WhiteCap,Hardware,HUC282,28.49
WhiteCap,Hardware,IUS20614,6.59
WhiteCap,Hardware,LTS20,2.69
WhiteCap,Hardware,MIT3142,20.49
WhiteCap,Hardware,MIT428118,19.79
WhiteCap,Hardware,LUS44,5.59
WhiteCap,Hardware,HW810,60.59
WhiteCap,Hardware,HGUS48,42.99
WhiteCap,Hardware,THDH412,74.09
WhiteCap,Hardware,HU325105,42.09
WhiteCap,Hardware,ITS25616,10.69
WhiteCap,Hardware,SUL2111,22.49
WhiteCap,Hardware,JL24,0.90
WhiteCap,Hardware,ITS35614,10.89
WhiteCap,Hardware,JB212A,11.89
WhiteCap,Hardware,HU412TF,51.59
WhiteCap,Hardware,HU28TF,31.89
WhiteCap,Hardware,THDH46,39.39
WhiteCap,Hardware,HU2102TF,47.49
WhiteCap,Hardware,HGUS2102,60.09
WhiteCap,Hardware,HUC46Z,16.29
WhiteCap,Hardware,HU412Z,34.09
WhiteCap,Hardware,MIU18111,21.49
WhiteCap,Hardware,THA413,10.19
WhiteCap,Hardware,HU14CFR,43.69
WhiteCap,Hardware,SUL18111,22.19
WhiteCap,Hardware,HHUS262,10.99
WhiteCap,Hardware,IUS206118,10.99
WhiteCap,Hardware,U26R,7.49
WhiteCap,Hardware,MIT495,10.49
WhiteCap,Hardware,LUS2102Z,8.59
WhiteCap,Hardware,HUC48Z,24.59
WhiteCap,Hardware,HD412IF,16.79
WhiteCap,Hardware,MIT416,16.89
WhiteCap,Hardware,HGUS262,42.89
WhiteCap,Hardware,MIT414,12.59
WhiteCap,Hardware,SUL18114,33.99
WhiteCap,Hardware,THA2182,16.79
WhiteCap,Hardware,HHUS282,13.29
WhiteCap,Hardware,MIU23711,21.99
WhiteCap,Hardware,LUS282Z,4.99
WhiteCap,Hardware,U210,6.79
WhiteCap,Hardware,U36,10.79
WhiteCap,Hardware,MIT35952,17.99
WhiteCap,Hardware,HUC66,24.49
WhiteCap,Hardware,U210Z,7.99
WhiteCap,Hardware,IUS20616,7.69
WhiteCap,Hardware,LSSJ26LZ,10.09
WhiteCap,Hardware,HD1714,18.09
WhiteCap,Hardware,HU614,44.89
WhiteCap,Hardware,THAC418,14.99
WhiteCap,Hardware,HU4142,47.29
WhiteCap,Hardware,MIU23714,18.79
WhiteCap,Hardware,U310,9.39
WhiteCap,Hardware,HF26N,2.99
WhiteCap,Hardware,MIT35142,12.49
WhiteCap,Hardware,HU410Z,28.69
WhiteCap,Hardware,2103680,14.99
WhiteCap,Hardware,HF36N,7.29
WhiteCap,Hardware,HU610TF,45.29
WhiteCap,Hardware,SUR25611,32.19
WhiteCap,Hardware,SUL410,33.79
WhiteCap,Hardware,ITS206118,8.39
WhiteCap,Hardware,HU610Z,44.59
WhiteCap,Hardware,THD262,12.69
WhiteCap,Hardware,RS16R,65.99
WhiteCap,Hardware,HGUS46,43.99
WhiteCap,Hardware,MIT42895,12.29
WhiteCap,Hardware,SUL26Z,18.69
WhiteCap,Hardware,2190065,25.99
WhiteCap,Hardware,MIT41188,16.59
WhiteCap,Hardware,HU26TF,25.99
WhiteCap,Hardware,HU35142,40.39
WhiteCap,Hardware,MIT1188,18.69
WhiteCap,Hardware,THGQ3SDS,192.09
WhiteCap,Hardware,ITS20614,9.99
WhiteCap,Hardware,ITS18114,10.39
WhiteCap,Hardware,U210R,8.19
WhiteCap,Hardware,MIU42816,40.59
WhiteCap,Hardware,MIU47511,30.99
WhiteCap,Hardware,SUL25611,33.99
WhiteCap,Hardware,HU616,61.99
WhiteCap,Hardware,TJC37,5.09
WhiteCap,Hardware,BA18114,38.59
WhiteCap,Hardware,U410R,12.59
WhiteCap,Hardware,LUS2103,11.19
WhiteCap,Hardware,HGLTV3511,164.09
WhiteCap,Hardware,HU2122TF,75.79
WhiteCap,Hardware,HUC262,18.59
WhiteCap,Hardware,HGUS32510,64.39
WhiteCap,Hardware,HGUS68814,188.59
WhiteCap,Hardware,HGUS264,71.89
WhiteCap,Hardware,HU2123,54.99
WhiteCap,Hardware,THAR422,59.19
WhiteCap,Hardware,HUC88,32.29
WhiteCap,Hardware,HGUS68810,67.59
WhiteCap,Hardware,MTHMQ,278.49
WhiteCap,Hardware,HGUQ262SD,52.39
WhiteCap,Hardware,MIT42814,16.89
WhiteCap,Hardware,LUS263,11.69
WhiteCap,Hardware,SUR410,35.89
WhiteCap,Hardware,HUC4122,38.69
WhiteCap,Hardware,HU416,36.99
WhiteCap,Hardware,ITS23716,10.99
